{"filesMd5":[{"page":"/pages/car/choose.js","md5":"d08754be78c6ab6b236b68dbc05b19ad"},{"page":"/config/index.js","md5":"41d7b7fc501f6d8ea2cc0ace649e94b8"},{"page":"/mediator/index.js","md5":"0ad22448ca8a43ad176332732438e030"},{"page":"/pages/car/color.js","md5":"6e7e693e6366db36a664934b8a29b493"},{"page":"/pages/car/emptyInfo.js","md5":"8fb8f4f96fb2886f33266228f002d331"},{"page":"/pages/chat/chat.js","md5":"483a46a31d315e2e7d8679ea78ad0a4c"},{"page":"/pages/chat/messages.js","md5":"510b07fb877405935f86a3d06b37d7bc"},{"page":"/pages/city/choose.js","md5":"04a43b272338d6f6b680f5a7a193404c"},{"page":"/pages/home/index.js","md5":"bfd5b5f02b06ee25d8032936d1267bbd"},{"page":"/pages/login/editPwd.js","md5":"aad4d6355be895a4752bbda3f81f1cd8"},{"page":"/pages/login/forget.js","md5":"63e4debe798c3846a3994d48a9133cc4"},{"page":"/pages/login/login.js","md5":"0d0016221e7d0b502d7353a50303a26c"},{"page":"/pages/map/choose.js","md5":"040c1de57e91ea8ee57ac4f474765135"},{"page":"/pages/money/remaining.js","md5":"a88703019e488d6ac5d54a4b92828684"},{"page":"/pages/money/withdraw.js","md5":"18c9fc87bf8d7d3ed87adb82184fa027"},{"page":"/pages/order/detail.js","md5":"d048548b8441b2628bc081d6023c9237"},{"page":"/pages/order/finish.js","md5":"88e9b5992ca6365b6c9e7de4b25b6b22"},{"page":"/pages/order/record.js","md5":"979fceea7365bf2ca057cd11b66d875d"},{"page":"/pages/other/about.js","md5":"9208906e23feaeb75f2956457cbf5602"},{"page":"/pages/other/agreement.js","md5":"448ad8775c0d94426902b4ddee48b745"},{"page":"/pages/other/errNetWork.js","md5":"533edbe47014a044faba870f7d989693"},{"page":"/pages/other/partner.js","md5":"bfd690f017ea3a30f035e802b2f95d6b"},{"page":"/pages/other/store.js","md5":"ab2cb366f10989eb069e788eeecf8034"},{"page":"/pages/other/system.js","md5":"dd6b03210b173fcd783f7b5d4dae0a8a"},{"page":"/pages/other/tel.js","md5":"0af65c2af9e2b2c5f48dc8b11a914980"},{"page":"/pages/product/pull.js","md5":"a466d9aad276a52348d667edba368db0"},{"page":"/pages/product/detail.js","md5":"e382d57d8c50dd7e046196ffff8fb832"},{"page":"/pages/product/qrcode.js","md5":"baf0c0d84ca3fc0081b9b203cc0133ee"},{"page":"/pages/register/carInfo.js","md5":"b12d84311ac25aaa7121e61ddcbdc0ce"},{"page":"/pages/register/photoes.js","md5":"aaf7d0f056e750f1e5e825bea66d003b"},{"page":"/pages/register/index.js","md5":"699c81d4b6907061f4be482b837f5b1e"},{"page":"/pages/register/userInfo.js","md5":"50fb9e61a2e296d31b6989b8d393adbf"},{"page":"/pages/user/avatar.js","md5":"48733c3b915eb9a4ac18d5b8fa172130"},{"page":"/pages/setting/setting.js","md5":"0a740eb6fdfca8fe96df19ca72853332"},{"page":"/pages/user/detail.js","md5":"2bce012fe8c3d544d21a976941c1079c"},{"page":"/pages/user/editName.js","md5":"ba5cdb86ccd429ee887288481f0efe96"},{"page":"/pages/user/info.js","md5":"a7559525dadbb172ea82e90b61386ef3"},{"page":"/pages/verified/finish.js","md5":"9fc16d8dc9c533b76ab6cdc66d1b514e"},{"page":"/pages/verified/form.js","md5":"48da1d98c70e13b67e731f1938b80ac7"},{"page":"/iconfont/font_1469606063_76593.ttf","md5":"f6222bcfedff4a817bb50df7a049d1db"},{"page":"/iconfont/font_1469606522_9417143.woff","md5":"6cf5490fd14ff83350ff952bb5b8e484"},{"page":"/iconfont/font_zn5b3jswpofuhaor.ttf","md5":"c0356b22e8235d2b0be8880cc81894cc"},{"page":"/iconfont/iconfont-eros.ttf","md5":"68780fad0047dc5b02cb613ebb08cda1"},{"page":"/iconfont/iconfont.ttf","md5":"ec86bfe5bdb872bad2b2af4f11da14f4"},{"page":"/assets/chat@2x.png","md5":"d0c6719dc73f0f8d5843d9cd514792b3"},{"page":"/assets/chat_ed@2x.png","md5":"97bb472499b5d74795409b78937318f0"},{"page":"/assets/empty-car.png","md5":"b4f65b054f04a9744727de4929217cc0"},{"page":"/assets/empty-chat.png","md5":"e1ab1aceee170d9b4926896e732ec64f"},{"page":"/assets/empty-driver.png","md5":"dd91f533689399ab8dae79d689ba1344"},{"page":"/assets/err-network.png","md5":"159820f3981ed67fdb8b63677e8d88be"},{"page":"/assets/geo.png","md5":"87c70f4c3d41bcfe2b005002ac4f5437"},{"page":"/assets/home@2x.png","md5":"47580cc96862e2f1b37d08faa504da4a"},{"page":"/assets/home_ed@2x.png","md5":"d3b4eed9d7d90bc3b582ebc5de5e1a57"},{"page":"/assets/logo_mini.png","md5":"6797733ddc0679795fd7bec0af6861af"},{"page":"/assets/logo_mini1.png","md5":"753723a480e166fbb98a13ff46fce2a7"},{"page":"/assets/order-cancel.png","md5":"5fa50c9eec707928795ceea5ad828997"},{"page":"/assets/order-finish.png","md5":"d178fe88e193a18ff5f8b0d56d33cc78"},{"page":"/assets/order-pay.png","md5":"8c2130c1dc72b8b1974266e97ce1004b"},{"page":"/assets/order@2x.png","md5":"ef54118dd1df4694cee1f116b0799e53"},{"page":"/assets/order_ed@2x.png","md5":"14c177027acf119b0e624993a7a242d7"},{"page":"/assets/owner-menu.png","md5":"51f0a58a1c8a1b94102f3dd471c7cbf1"},{"page":"/assets/owner-pull.png","md5":"6b93535d2de4517d336fa8668aed2cfe"},{"page":"/assets/owner-scan.png","md5":"f61967d8cb4922c192cac2762d9dd937"},{"page":"/assets/register.jpg","md5":"a97df2e7de8e1496aa51e68685bb503a"},{"page":"/assets/step-1.png","md5":"86ad2dfa985ad1e82133fd434efb21de"},{"page":"/assets/step-2.png","md5":"3f391798727867b931439969f1ee8d8d"},{"page":"/assets/step-3.png","md5":"495f3b824dc79ce8ca777a96b32a4db9"},{"page":"/assets/user@2x.png","md5":"a2faa247e6d9c19ed090636b53e54028"},{"page":"/assets/user_ed@2x.png","md5":"d2203956780c450e7f891e6fad651769"},{"page":"/assets/ver-ing.png","md5":"1b12e9d8232541d0ba3d5c4268df14f2"},{"page":"/assets/weixin.png","md5":"5be94d7b9b5c1fe3a969b00fe6d1c60f"}],"android":"1.0.0","iOS":"1.0.0","appName":"shengshang-d","jsVersion":"0c48e8f97214e56b22b0ebe797d3b991","timestamp":1543164749666,"jsPath":"https://app.weex-eros.com/source"}
